<?xml version="1.0" encoding="UTF-8"?>
<GenRun Id="synth_1" LaunchPart="xc7z020clg400-1" LaunchTime="1605713845">
  <File Type="PA-TCL" Name="RSA_soc_wrapper.tcl"/>
  <File Type="RDS-PROPCONSTRS" Name="RSA_soc_wrapper_drc_synth.rpt"/>
  <File Type="REPORTS-TCL" Name="RSA_soc_wrapper_reports.tcl"/>
  <File Type="RDS-RDS" Name="RSA_soc_wrapper.vds"/>
  <File Type="RDS-UTIL" Name="RSA_soc_wrapper_utilization_synth.rpt"/>
  <File Type="RDS-UTIL-PB" Name="RSA_soc_wrapper_utilization_synth.pb"/>
  <File Type="RDS-DCP" Name="RSA_soc_wrapper.dcp"/>
  <File Type="VDS-TIMINGSUMMARY" Name="RSA_soc_wrapper_timing_summary_synth.rpt"/>
  <File Type="VDS-TIMING-PB" Name="RSA_soc_wrapper_timing_summary_synth.pb"/>
  <FileSet Name="sources" Type="DesignSrcs" RelSrcDir="$PSRCDIR/sources_1">
    <Filter Type="Srcs"/>
    <File Path="$PPRDIR/../boards/rsa_soc.bd">
      <FileInfo>
        <Attr Name="UsedIn" Val="synthesis"/>
        <Attr Name="UsedIn" Val="implementation"/>
        <Attr Name="UsedIn" Val="simulation"/>
      </FileInfo>
    </File>
    <File Path="$PPRDIR/../source/rsa_soc.vhd">
      <FileInfo SFType="VHDL2008">
        <Attr Name="UsedIn" Val="synthesis"/>
        <Attr Name="UsedIn" Val="simulation"/>
      </FileInfo>
    </File>
    <File Path="$PPRDIR/../boards/rsa_soc.bxml"/>
    <File Path="$PPRDIR/../boards/rsa_soc_ooc.xdc">
      <FileInfo>
        <Attr Name="UsedIn" Val="synthesis"/>
        <Attr Name="UsedIn" Val="implementation"/>
      </FileInfo>
    </File>
    <Config>
      <Option Name="DesignMode" Val="RTL"/>
      <Option Name="TopModule" Val="RSA_soc_wrapper"/>
    </Config>
  </FileSet>
  <FileSet Name="constrs_in" Type="Constrs" RelSrcDir="$PSRCDIR/constrs_1">
    <Filter Type="Constrs"/>
    <File Path="$PPRDIR/../../Master_constraints/PYNQ-Z1_C.xdc">
      <FileInfo>
        <Attr Name="UsedIn" Val="synthesis"/>
        <Attr Name="UsedIn" Val="implementation"/>
      </FileInfo>
    </File>
    <Config>
      <Option Name="ConstrsType" Val="XDC"/>
    </Config>
  </FileSet>
  <FileSet Name="utils" Type="Utils" RelSrcDir="$PSRCDIR/utils_1">
    <Filter Type="Utils"/>
    <Config>
      <Option Name="TopAutoSet" Val="TRUE"/>
    </Config>
  </FileSet>
  <Strategy Version="1" Minor="2">
    <StratHandle Name="Vivado Synthesis Defaults" Flow="Vivado Synthesis 2019"/>
    <Step Id="synth_design"/>
  </Strategy>
  <BlockFileSet Type="BlockSrcs" Name="rsa_soc_rsa_acc_0"/>
  <BlockFileSet Type="BlockSrcs" Name="rsa_soc_rst_ps7_0_100M_0"/>
  <BlockFileSet Type="BlockSrcs" Name="rsa_soc_rsa_dma_0"/>
  <BlockFileSet Type="BlockSrcs" Name="rsa_soc_xbar_0"/>
  <BlockFileSet Type="BlockSrcs" Name="rsa_soc_axi_smc_0"/>
  <BlockFileSet Type="BlockSrcs" Name="rsa_soc_auto_pc_0"/>
  <BlockFileSet Type="BlockSrcs" Name="rsa_soc_processing_system7_0_0"/>
</GenRun>
